什么是研究方向	7
啥是研究方向	7
你说的这个研究方向是什么意思	7
我不懂什么是研究方向	7
是指在哪个方面研究吗	7
你说的研究的方向是什么	7
我要怎么知道他的研究方向	7
我不清楚这个研究的方向怎么办	7
能告诉我什么是研究方向吗	7
想问下研究方向是个啥意思	7
想请教下研究方案是啥	7
有哪些研究方向？	7
研究方向是哪个方面？	7
我去哪找专家的研究方向	7
专家的研究方向是哪一个	7
专家研究的方向吗？	7
什么是研究领域	8
研究领域是什么	8
啥是研究领域	8
研究领域是啥	8
专家的研究领域？	8
专家研究领域吗是什么意思	8
你说清楚，这个研究领域是啥	8
什么研究领域	8
我不懂这个研究领域有哪些	8
专家的研究领域有哪些呢？	8
领域是什么	8
专家的领域是指什么	8
什么是专家领域还是研究的啥	8
什么是领域	8
这是说我要查的这个人是研究哪个领域的吗	8
哪个领域？？	8
什么是任职机构	9
任职机构是什么	9
啥是任职机构	9
你说清楚，这个任职机构是啥	9
什么机构	9
我不懂这个任职所在的机构吗是有哪些	9
专家在哪里上班吗是指？	9
我不清楚这个专家的上班机构啊	9
啥啥啥任职机构	9
任职机构是个啥啊	9
专家的机构是指什么	9
什么是专家机构是指他上班的地方吗	9
什么机构	9
这个指专家属于的单位吗	9
这是说我要查的这个人是哪个单位的吗	9
哪个单位？？	9
专家范围是什么	10
什么是专家范围	10
啥是专家范围	10
专家的范围是啥	10
专家研究的范围吗	10
你是说专家研究什么东西是吗	10
你说清楚这个专家范围是什么	10
什么什么范围	10
专家从事什么行业吗	10
你是说专家是专精于哪一个范围？	10
你们这里有哪些范围的专家	10
你们这里的专家都有哪些	10
有多大范围的专家？	10
你们的库里有哪里的专家	10
你们的专家都有哪里的地方	10
专家范围	10
我为什么找不到专家？	11
找不到专家怎么办	11
找不到是怎么会是	11
找不到怎么回事？	11
为啥找不到合适的？	11
你给我推的为啥都是不合适的啊？	11
你为什么给我推这些专家	11
按照你给的条件搜我找不到合适的	11
为什么我搜了但是没有专家？	11
我搜不到我想要的专家人还有其他办法吗？	11
还有其他专家吗我找不到我要的	11
是不是找不到专家就是没有？	11
没有专家吗？	11
我怎么找不到想要的	11
搜不到是为啥你们这个好垃圾啊	11
搜不到啊垃圾啊	11
你是机器人吗？	17
你是客服吗？	17
你代表平台吗？	17
你是机器？	17
你是机器吗？	17
机器人？	17
对话机器人？	17
你有自主意识吗？	17
Are you a robot?	17
你是人类吗？	17
你不会是客服吧？	17
客服？	17
你就是机器人吧？	17
你不会是机器人吧？	17
机器人吗？	17
客服吗？	17
都有哪些功能啊？	18
这怎么操作？	18
我要输入什么？	18
可以做些什么？	18
我具体该怎么做？	18
具体怎么操作？	18
有操作说明吗？	18
怎么个操作法呀？	18
那是要操作些什么？	18
那接下来怎么操作？	18
这功能都有哪些？	18
功能是什么？	18
都有啥功能？	18
你这都能做些啥？	18
你这咋操作呢？	18
不会操作啊，有什么功能啊？	18
