仪器设备用途	12
设备用途	12
用途	12
设备用途	12
什么是设备用途	12
怎么描述设备用途	12
啥是设备用途啊	12
设备用途要怎么描述啊	12
要怎么说这个设备的用途	12
我怎么知道设备的用途啊	12
我要怎么描述一个设备的用途	12
这个是指设备有那样用的地方吗	12
设备有啥用的意思？	12
有哪些角度描述设备	12
一般怎么描述设备的用途	12
咋个描述设备用在哪里	12
是说的是设备用在哪里吗	12
你们这个设备用途是要很准确吗	12
是准确的用途吗	12
是我想要用来做的事情吗	12
设备类型有哪些	13
有哪些设备类型	13
如何描述设备类型?	13
设备类型如何描述?	13
设备有啥类型	13
有哪些个类型啊请问?	13
有多少类型可以选择吗..	13
类型要咋说	13
我不知道你说的这个类型是指什么?	13
设备的类型啊	13
你是说设备的类型吗	13
请问下你们的类型选项有哪些?	13
有哪些类型	13
设备类型都有哪些个啊	13
我该怎么说清楚这个类型	13
类型是选还是填啊	13
设备的类型啊是啥	13
应该有哪些设备的类型	13
设备的类型吗我要咋	13
我要说要什么类型的设备是吗？	13
所属机构指的是什么？	14
所属机构是生产商吗？	14
所属机构填简称可以吗	14
是不是要填机构全称	14
所属机构包括大学吗	14
机构都具体指啥	14
什么是所属机构啊	14
所属机构可以填几个	14
所属机构怎么填啊	14
有没有具体示例示范一下所属机构是什么	14
机构包括公司吗	14
研究所算机构对吧	14
所属机构是指仪器所在地点吗	14
所属机构要怎么搞	14
我有点懵所属机构具体怎么填	14
所属机构啥玩意？	14
所属机构都包括哪些？	14
机构是啥	14
是说设备是属于哪个单位的吗	14
哪些单位算这个机构啊？	14
这都有多少设备？	15
有哪些领域的设备？	15
都有哪些设备啊？	15
都有什么领域的设备	15
具体是有多少设备	15
这里面设备多吗	15
这里面设备全吗	15
已有的设备都包含哪些领域	15
设备多不多？	15
都包含了哪些领域的设备？	15
设备储量有多少？	15
设备存量几何？	15
设备包含的领域有哪些？	15
库里都有哪些领域的设备？	15
设备数量大概有多少？	15
设备的储量大概在什么量级？	15
有设备具体包含的领域的情况介绍吗？	15
可以介绍一下设备数量的规模吗？	15
哪些领域的设备是可以查到的？	15
可以查到哪些领域的设备？	15
为什么找不到合适的设备？	16
找不到设备？	16
找不到合适的设备？	16
为什么没有？	16
也太少了？	16
怎么会这也没有？	16
这是不是太少了？	16
数据库里的数据太少了呀	16
那怎么找到合适的设备？	16
找不到是什么情况？	16
没有合适的设备是什么情况？	16
要输入什么才能找到合适的设备？	16
为什么会出现找不到的情况？	16
找不到设备是出现问题了吗？	16
那找不到合适的设备怎么办？	16
没有合适的设备该怎么做？	16
啥是找不到合适的设备嗷？	16
啥意思？找不到合适的设备？	16
啥玩意没有合适的设备？	16
不是这怎么会没有合适的设备?	16
你是机器人吗？	17
你是客服吗？	17
你代表平台吗？	17
你是机器？	17
你是机器吗？	17
机器人？	17
对话机器人？	17
你有自主意识吗？	17
Are you a robot?	17
你是人类吗？	17
你是谁啊？	17
你到底是人还是机器啊？	17
你是会说话的机器人吗？	17
你是人工智能？	17
你不会是客服吧？	17
客服？	17
你就是机器人吧？	17
你不会是机器人吧？	17
机器人吗？	17
客服吗？	17
都有哪些功能啊？	18
这怎么操作？	18
我要输入什么？	18
可以做些什么？	18
我具体该怎么做？	18
具体怎么操作？	18
有操作说明吗？	18
怎么个操作法呀？	18
怎么搞？	18
都可以做些什么？	18
有什么功能吗？	18
具体做什么的？	18
那是要操作些什么？	18
那接下来怎么操作？	18
这功能都有哪些？	18
功能是什么？	18
都有啥功能？	18
你这都能做些啥？	18
你这咋操作呢？	18
不会操作啊，有什么功能啊？	18
